{
  "n_train_subjects": 80,
  "n_test_subjects": 24,
  "n_train_windows": 21600,
  "n_test_windows": 6480,
  "n_pairs": 50000,
  "auc": 0.925368772,
  "auc_ci_low": 0.9230891471299654,
  "auc_ci_high": 0.9275958176544729,
  "eer": 0.13323999999999997,
  "eer_threshold": 0.8290907144546509,
  "train_subjects": [
    1,
    2,
    3,
    4,
    5,
    6,
    7,
    9,
    10,
    11,
    12,
    13,
    14,
    16,
    17,
    18,
    19,
    20,
    21,
    22,
    23,
    24,
    25,
    26,
    27,
    28,
    29,
    31,
    33,
    35,
    36,
    37,
    38,
    40,
    41,
    43,
    44,
    45,
    46,
    48,
    50,
    51,
    52,
    53,
    54,
    56,
    58,
    61,
    62,
    63,
    65,
    66,
    67,
    68,
    69,
    71,
    72,
    73,
    75,
    76,
    81,
    82,
    83,
    84,
    85,
    86,
    87,
    90,
    91,
    93,
    94,
    95,
    98,
    101,
    102,
    103,
    105,
    107,
    108,
    109
  ],
  "test_subjects": [
    8,
    15,
    30,
    32,
    34,
    39,
    42,
    47,
    49,
    55,
    57,
    59,
    60,
    64,
    70,
    74,
    77,
    78,
    79,
    80,
    96,
    97,
    99,
    106
  ]
}
