{
  "n_shadows": 20,
  "n_subjects": 104,
  "n_target_members": 52,
  "n_target_nonmembers": 52,
  "auc": 0.8450443786982248,
  "auc_ci_low": 0.7622189430200913,
  "auc_ci_high": 0.912158203125,
  "advantage": 0.5384615384615385,
  "advantage_threshold": 0.5485903191483698,
  "n_attack_features": 2
}