{
  "n_train_subjects": 80,
  "n_test_subjects": 9,
  "n_train_windows": 21600,
  "n_test_windows": 7776,
  "n_pairs": 50000,
  "auc": 0.7264178367999999,
  "auc_ci_low": 0.721956471288478,
  "auc_ci_high": 0.7304603312234849,
  "eer": 0.33334,
  "eer_threshold": 0.999999463558197,
  "train_dataset": "PhysioNet EEG-MMIDB imagery",
  "test_dataset": "BCI Competition IV-2a session 1",
  "train_subjects": [
    1,
    2,
    3,
    4,
    5,
    6,
    7,
    8,
    9,
    10,
    11,
    12,
    13,
    14,
    15,
    16,
    17,
    18,
    19,
    20,
    21,
    22,
    23,
    24,
    25,
    26,
    27,
    28,
    29,
    30,
    31,
    32,
    33,
    34,
    35,
    36,
    37,
    38,
    39,
    40,
    41,
    42,
    43,
    44,
    45,
    46,
    47,
    48,
    49,
    50,
    51,
    52,
    53,
    54,
    55,
    56,
    57,
    58,
    59,
    60,
    61,
    62,
    63,
    64,
    65,
    66,
    67,
    68,
    69,
    70,
    71,
    72,
    73,
    74,
    75,
    76,
    77,
    78,
    79,
    80
  ],
  "test_subjects": [
    1,
    2,
    3,
    4,
    5,
    6,
    7,
    8,
    9
  ],
  "common_channel_count": 22,
  "common_channels": [
    "FZ",
    "FC3",
    "FC1",
    "FCZ",
    "FC2",
    "FC4",
    "C5",
    "C3",
    "C1",
    "CZ",
    "C2",
    "C4",
    "C6",
    "CP3",
    "CP1",
    "CPZ",
    "CP2",
    "CP4",
    "P1",
    "PZ",
    "P2",
    "POZ"
  ],
  "shared_sfreq_hz": 160.0,
  "iv2a_native_sfreq_hz": 250.0
}
