{
  "victim": "DANN \u03bb=0.2",
  "task_acc": 0.3908119658119658,
  "attacks": [
    {
      "attack": "logreg_probe",
      "top1": 0.25224358974358974,
      "top1_ci_low": 0.24080929487179487,
      "top1_ci_high": 0.2631490384615385,
      "top5": 0.5550213675213675,
      "top10": 0.7169871794871795,
      "n_test_windows": 9360,
      "n_subjects": 104,
      "chance_top1": 0.009615384615384616
    },
    {
      "attack": "deep_mlp_probe",
      "top1": 0.35683760683760685,
      "top1_ci_low": 0.34476228632478634,
      "top1_ci_high": 0.36859241452991454,
      "top5": 0.6807692307692308,
      "top10": 0.815491452991453,
      "n_test_windows": 9360,
      "n_subjects": 104,
      "chance_top1": 0.009615384615384616
    },
    {
      "attack": "encoder_finetune",
      "top1": 0.8043803418803419,
      "top1_ci_low": 0.792094017094017,
      "top1_ci_high": 0.8154967948717948,
      "top5": 0.9600427350427351,
      "top10": 0.9824786324786324,
      "n_test_windows": 9360,
      "n_subjects": 104,
      "chance_top1": 0.009615384615384616
    }
  ]
}