{
  "victim": "DANN \u03bb=0.2",
  "task_acc": 0.30502136752136755,
  "attacks": [
    {
      "attack": "logreg_probe",
      "top1": 0.14006410256410257,
      "top1_ci_low": 0.1310897435897436,
      "top1_ci_high": 0.1491479700854701,
      "top5": 0.355982905982906,
      "top10": 0.5056623931623931,
      "n_test_windows": 9360,
      "n_subjects": 104,
      "chance_top1": 0.009615384615384616
    },
    {
      "attack": "deep_mlp_probe",
      "top1": 0.2635683760683761,
      "top1_ci_low": 0.2523477564102564,
      "top1_ci_high": 0.2745753205128205,
      "top5": 0.5820512820512821,
      "top10": 0.7370726495726496,
      "n_test_windows": 9360,
      "n_subjects": 104,
      "chance_top1": 0.009615384615384616
    },
    {
      "attack": "encoder_finetune",
      "top1": 0.7616452991452991,
      "top1_ci_low": 0.7488221153846154,
      "top1_ci_high": 0.7732932692307692,
      "top5": 0.9558760683760684,
      "top10": 0.9876068376068377,
      "n_test_windows": 9360,
      "n_subjects": 104,
      "chance_top1": 0.009615384615384616
    }
  ]
}
