{
  "per_seed": [
    {
      "seed": 0,
      "n_subjects": 104,
      "attack_acc_mean": 0.41143162393162397,
      "attack_acc_std": 0.2327753642592034,
      "decile_gap": 0.7855555555555556,
      "sex_M_mean": 0.44742547425474255,
      "sex_F_mean": 0.3865079365079365,
      "sex_diff_M_minus_F": 0.06091753774680603,
      "sex_p": 0.28283809887898814,
      "age_low_mean": 0.4852941176470588,
      "age_high_mean": 0.35740740740740745,
      "age_diff_low_minus_high": 0.12788671023965137,
      "age_p": 0.05018342707882848,
      "age_low_n": 34,
      "age_high_n": 30,
      "low_cut": 32.0,
      "high_cut": 44.00000000000001,
      "task_acc": 0.3887820512820513,
      "wall_seconds": 297.9462628364563
    },
    {
      "seed": 1,
      "n_subjects": 104,
      "attack_acc_mean": 0.4258547008547009,
      "attack_acc_std": 0.22640529963954584,
      "decile_gap": 0.7611111111111112,
      "sex_M_mean": 0.45989159891598913,
      "sex_F_mean": 0.4023809523809524,
      "sex_diff_M_minus_F": 0.057510646535036736,
      "sex_p": 0.22250629951081402,
      "age_low_mean": 0.46241830065359474,
      "age_high_mean": 0.3744444444444444,
      "age_diff_low_minus_high": 0.08797385620915033,
      "age_p": 0.08992460305858001,
      "age_low_n": 34,
      "age_high_n": 30,
      "low_cut": 32.0,
      "high_cut": 44.00000000000001,
      "task_acc": 0.39455128205128204,
      "wall_seconds": 287.98438715934753
    },
    {
      "seed": 2,
      "n_subjects": 104,
      "attack_acc_mean": 0.38589743589743597,
      "attack_acc_std": 0.22397932877393345,
      "decile_gap": 0.7522222222222222,
      "sex_M_mean": 0.41436314363143634,
      "sex_F_mean": 0.3658730158730159,
      "sex_diff_M_minus_F": 0.04849012775842043,
      "sex_p": 0.3151917098329641,
      "age_low_mean": 0.42745098039215684,
      "age_high_mean": 0.36444444444444446,
      "age_diff_low_minus_high": 0.06300653594771238,
      "age_p": 0.1575602199618995,
      "age_low_n": 34,
      "age_high_n": 30,
      "low_cut": 32.0,
      "high_cut": 44.00000000000001,
      "task_acc": 0.39465811965811964,
      "wall_seconds": 292.039267539978
    },
    {
      "seed": 3,
      "n_subjects": 104,
      "attack_acc_mean": 0.4085470085470086,
      "attack_acc_std": 0.2445620869266052,
      "decile_gap": 0.8233333333333333,
      "sex_M_mean": 0.44525745257452576,
      "sex_F_mean": 0.38333333333333336,
      "sex_diff_M_minus_F": 0.0619241192411924,
      "sex_p": 0.1607040779295451,
      "age_low_mean": 0.47516339869281043,
      "age_high_mean": 0.3466666666666666,
      "age_diff_low_minus_high": 0.1284967320261438,
      "age_p": 0.027764533275045595,
      "age_low_n": 34,
      "age_high_n": 30,
      "low_cut": 32.0,
      "high_cut": 44.00000000000001,
      "task_acc": 0.38643162393162395,
      "wall_seconds": 286.7242832183838
    },
    {
      "seed": 4,
      "n_subjects": 104,
      "attack_acc_mean": 0.44401709401709394,
      "attack_acc_std": 0.2245017860497183,
      "decile_gap": 0.7677777777777779,
      "sex_M_mean": 0.4479674796747968,
      "sex_F_mean": 0.4412698412698412,
      "sex_diff_M_minus_F": 0.006697638404955575,
      "sex_p": 0.8550814393994924,
      "age_low_mean": 0.47973856209150323,
      "age_high_mean": 0.42148148148148146,
      "age_diff_low_minus_high": 0.05825708061002177,
      "age_p": 0.3530539801725491,
      "age_low_n": 34,
      "age_high_n": 30,
      "low_cut": 32.0,
      "high_cut": 44.00000000000001,
      "task_acc": 0.40384615384615385,
      "wall_seconds": 288.48618745803833
    }
  ],
  "aggregate": {
    "n_seeds": 5,
    "age_p_per_seed": [
      0.05018342707882848,
      0.08992460305858001,
      0.1575602199618995,
      0.027764533275045595,
      0.3530539801725491
    ],
    "sex_p_per_seed": [
      0.28283809887898814,
      0.22250629951081402,
      0.3151917098329641,
      0.1607040779295451,
      0.8550814393994924
    ],
    "age_p_median": 0.08992460305858001,
    "age_p_max": 0.3530539801725491,
    "sex_p_median": 0.28283809887898814,
    "fisher_age_p": 0.008298511421000253,
    "fisher_sex_p": 0.29797324357444355,
    "age_diff_mean": 0.09312418300653594,
    "age_diff_std": 0.030361040442601402,
    "sex_diff_mean": 0.047108013937282235,
    "sex_diff_std": 0.020752558292723673,
    "decile_gap_mean": 0.778,
    "decile_gap_std": 0.025165133630030288,
    "n_seeds_age_p_below_05": 1,
    "n_seeds_sex_p_below_05": 0
  }
}