{
  "n_train_subjects": 40,
  "n_test_subjects": 14,
  "n_train_windows": 24000,
  "n_test_windows": 8400,
  "n_pairs": 50000,
  "auc": 0.9378121024000001,
  "auc_ci_low": 0.9358139377208253,
  "auc_ci_high": 0.9396030727993906,
  "eer": 0.13934000000000002,
  "eer_threshold": 0.4777059257030487,
  "dataset": "lee2019",
  "eval_session": "session_1",
  "cross_session": false,
  "train_subjects": [
    1,
    2,
    3,
    4,
    5,
    7,
    9,
    10,
    11,
    12,
    17,
    18,
    19,
    20,
    21,
    22,
    23,
    24,
    25,
    26,
    27,
    28,
    29,
    31,
    33,
    35,
    36,
    37,
    38,
    39,
    43,
    44,
    45,
    46,
    48,
    49,
    50,
    51,
    52,
    53
  ],
  "test_subjects": [
    6,
    8,
    13,
    14,
    15,
    16,
    30,
    32,
    34,
    40,
    41,
    42,
    47,
    54
  ],
  "seed": 0
}