{
  "n_shadows": 12,
  "n_subjects": 54,
  "n_target_members": 27,
  "n_target_nonmembers": 27,
  "auc": 0.8093278463648834,
  "auc_ci_low": 0.684047619047619,
  "auc_ci_high": 0.9163551982996427,
  "advantage": 0.5555555555555556,
  "advantage_threshold": 0.47087383115624387,
  "n_attack_features": 2,
  "dataset": "lee2019",
  "seed": 0
}