{
  "n_shadows": 8,
  "n_subjects": 104,
  "n_target_members": 52,
  "n_target_nonmembers": 52,
  "target_epsilon": 3.0,
  "target_final_epsilon": 2.9962671959798315,
  "target_delta": 1e-05,
  "max_grad_norm": 1.0,
  "auc": 0.8909023668639053,
  "auc_ci_low": 0.8255407296351823,
  "auc_ci_high": 0.9434003359062322,
  "advantage": 0.6346153846153846,
  "advantage_threshold": 0.5011854381126953,
  "baseline_auc_undefended_eegnet": 0.878,
  "shadow_epsilon_final_history": [2.9962671959798315, 2.9962671959798315, 2.9962671959798315, 2.9962671959798315, 2.9962671959798315, 2.9962671959798315, 2.9962671959798315, 2.9962671959798315],
  "seed": 0
}
