{
  "n_subjects": 104,
  "chance_top1": 0.009615384615384616,
  "task_acc": 0.24946581196581197,
  "n_rounds": 30,
  "participant_fraction": 0.5,
  "local_epochs": 3,
  "local_lr": 0.005,
  "clip_norm": 1.0,
  "noise_sigma": 0.4,
  "attack_logreg": {
    "victim": "eegnet_federated_dp",
    "probe": "logreg",
    "n_subjects": 104,
    "n_train_windows": 18720,
    "n_test_windows": 9360,
    "top1": 0.04401709401709402,
    "top1_ci_low": 0.04006410256410257,
    "top1_ci_high": 0.04818643162393162,
    "top5": 0.14252136752136751,
    "top10": 0.2341880341880342,
    "chance_top1": 0.009615384615384616
  },
  "attack_finetune": {
    "top1": 0.09615384615384616,
    "top1_ci_low": 0.08931623931623932,
    "top1_ci_high": 0.1026736111111111,
    "top5": 0.3033119658119658,
    "top10": 0.45908119658119656,
    "n_test_windows": 9360,
    "n_subjects": 104,
    "chance_top1": 0.009615384615384616
  },
  "seed": 0,
  "epsilon_participant_level_rdp": 97.73299079819824,
  "epsilon_participant_level_delta": 1e-05,
  "epsilon_participant_level_simple_gaussian_bound": 32.85326106098082,
  "epsilon_is_formal_guarantee": false,
  "epsilon_note": "RDP epsilon is a valid participant-level bound only under Poisson client sampling (poisson_clients=True); this run used fixed-size cohort sampling, so epsilon is an informal annotation, not an enforced budget. The empirical fine-tune protection is the substantive result."
}
