{
  "dataset": "lee2019",
  "subjects": [
    1,
    2,
    3,
    4,
    5,
    6,
    7,
    8,
    9,
    10,
    11,
    12,
    13,
    14,
    15,
    16,
    17,
    18,
    19,
    20,
    21,
    22,
    23,
    24,
    25,
    26,
    27,
    28,
    29,
    30,
    31,
    32,
    33,
    34,
    35,
    36,
    37,
    38,
    39,
    40,
    41,
    42,
    43,
    44,
    45,
    46,
    47,
    48,
    49,
    50,
    51,
    52,
    53,
    54
  ],
  "victim_results": {
    "fbcsp": {
      "task_acc": 0.605925925925926,
      "per_subject_accuracy": {
        "1": 0.7037037037037037,
        "2": 0.9656862745098039,
        "3": 0.9365079365079365,
        "4": 0.7679324894514767,
        "5": 0.8701298701298701,
        "6": 0.6160337552742616,
        "7": 0.9535864978902954,
        "8": 0.9362745098039216,
        "9": 0.7878787878787878,
        "10": 0.9305555555555556,
        "11": 0.78125,
        "12": 0.6986301369863014,
        "13": 0.8802083333333334,
        "14": 0.9444444444444444,
        "15": 0.946236559139785,
        "16": 0.6264367816091954,
        "17": 0.927536231884058,
        "18": 0.8059701492537313,
        "19": 0.7570621468926554,
        "20": 0.7263681592039801,
        "21": 0.9139784946236559,
        "22": 0.6130952380952381,
        "23": 0.6956521739130435,
        "24": 0.9203980099502488,
        "25": 0.7103825136612022,
        "26": 0.7323232323232324,
        "27": 0.9004329004329005,
        "28": 0.8109452736318408,
        "29": 0.7552083333333334,
        "30": 0.8872549019607843,
        "31": 0.9010416666666666,
        "32": 0.893719806763285,
        "33": 0.8133333333333334,
        "34": 0.8995433789954338,
        "35": 0.9565217391304348,
        "36": 0.8513513513513513,
        "37": 0.7575757575757576,
        "38": 0.8256410256410256,
        "39": 0.6120218579234973,
        "40": 0.5815602836879432,
        "41": 0.7824074074074074,
        "42": 0.5211267605633803,
        "43": 0.75,
        "44": 0.7634408602150538,
        "45": 0.8359788359788359,
        "46": 0.8655913978494624,
        "47": 0.9033816425120773,
        "48": 0.8926553672316384,
        "49": 0.7037037037037037,
        "50": 0.7301587301587301,
        "51": 0.49765258215962443,
        "52": 0.8062015503875969,
        "53": 0.9301075268817204,
        "54": 0.7650273224043715
      },
      "heterogeneity": {
        "mean": 0.8026268015537205,
        "std": 0.11746865103914324,
        "decile_gap": 0.31728324532199026,
        "iqr": 0.1701896194083694,
        "min": 0.49765258215962443,
        "max": 0.9656862745098039
      },
      "demographic_stratification": null
    },
    "riemann": {
      "task_acc": 0.6728703703703703,
      "per_subject_accuracy": {
        "1": 0.9953703703703703,
        "2": 1.0,
        "3": 1.0,
        "4": 0.9873417721518988,
        "5": 1.0,
        "6": 1.0,
        "7": 1.0,
        "8": 1.0,
        "9": 1.0,
        "10": 1.0,
        "11": 1.0,
        "12": 1.0,
        "13": 1.0,
        "14": 1.0,
        "15": 1.0,
        "16": 1.0,
        "17": 1.0,
        "18": 1.0,
        "19": 1.0,
        "20": 1.0,
        "21": 1.0,
        "22": 0.9940476190476191,
        "23": 1.0,
        "24": 1.0,
        "25": 1.0,
        "26": 1.0,
        "27": 0.9956709956709957,
        "28": 1.0,
        "29": 1.0,
        "30": 1.0,
        "31": 1.0,
        "32": 1.0,
        "33": 1.0,
        "34": 1.0,
        "35": 1.0,
        "36": 1.0,
        "37": 1.0,
        "38": 1.0,
        "39": 1.0,
        "40": 1.0,
        "41": 1.0,
        "42": 1.0,
        "43": 1.0,
        "44": 1.0,
        "45": 1.0,
        "46": 1.0,
        "47": 1.0,
        "48": 1.0,
        "49": 1.0,
        "50": 1.0,
        "51": 1.0,
        "52": 1.0,
        "53": 1.0,
        "54": 1.0
      },
      "heterogeneity": {
        "mean": 0.9994894584674238,
        "std": 0.0020264915713589103,
        "decile_gap": 0.0,
        "iqr": 0.0,
        "min": 0.9873417721518988,
        "max": 1.0
      },
      "demographic_stratification": null
    },
    "eegnet": {
      "task_acc": 0.7135185185185186,
      "per_subject_accuracy": {
        "1": 0.18055555555555555,
        "2": 0.7696078431372549,
        "3": 0.5079365079365079,
        "4": 0.8016877637130801,
        "5": 0.5454545454545454,
        "6": 0.2911392405063291,
        "7": 0.759493670886076,
        "8": 0.7990196078431373,
        "9": 0.5696969696969697,
        "10": 0.49074074074074076,
        "11": 0.6770833333333334,
        "12": 0.6073059360730594,
        "13": 0.6927083333333334,
        "14": 0.3838383838383838,
        "15": 0.6505376344086021,
        "16": 0.27011494252873564,
        "17": 0.4251207729468599,
        "18": 0.417910447761194,
        "19": 0.22033898305084745,
        "20": 0.3383084577114428,
        "21": 0.6505376344086021,
        "22": 0.30952380952380953,
        "23": 0.43478260869565216,
        "24": 0.47761194029850745,
        "25": 0.3989071038251366,
        "26": 0.42424242424242425,
        "27": 0.6883116883116883,
        "28": 0.4527363184079602,
        "29": 0.4583333333333333,
        "30": 0.45098039215686275,
        "31": 0.40625,
        "32": 0.6714975845410628,
        "33": 0.4444444444444444,
        "34": 0.3424657534246575,
        "35": 0.7101449275362319,
        "36": 0.481981981981982,
        "37": 0.4090909090909091,
        "38": 0.5076923076923077,
        "39": 0.31693989071038253,
        "40": 0.3971631205673759,
        "41": 0.8148148148148148,
        "42": 0.15023474178403756,
        "43": 0.21354166666666666,
        "44": 0.41397849462365593,
        "45": 0.35978835978835977,
        "46": 0.543010752688172,
        "47": 0.748792270531401,
        "48": 0.384180790960452,
        "49": 0.35185185185185186,
        "50": 0.3333333333333333,
        "51": 0.5070422535211268,
        "52": 0.32170542635658916,
        "53": 0.510752688172043,
        "54": 0.4426229508196721
      },
      "heterogeneity": {
        "mean": 0.48014607851039803,
        "std": 0.16748714282158314,
        "decile_gap": 0.44054345642127707,
        "iqr": 0.23210282867817122,
        "min": 0.15023474178403756,
        "max": 0.8148148148148148
      },
      "demographic_stratification": null
    }
  }
}