{
  "dataset": "lee2019",
  "n_subjects": 54,
  "victim_results": {
    "fbcsp": {
      "task_acc": 0.605925925925926,
      "per_subject_accuracy": {
        "1": 0.7037037037037037, "2": 0.9656862745098039, "3": 0.9365079365079365,
        "4": 0.7679324894514767, "5": 0.8701298701298701, "6": 0.6160337552742616,
        "7": 0.9535864978902954, "8": 0.9362745098039216, "9": 0.7878787878787878,
        "10": 0.9305555555555556, "11": 0.78125, "12": 0.6986301369863014,
        "13": 0.8802083333333334, "14": 0.9444444444444444, "15": 0.946236559139785,
        "16": 0.6264367816091954, "17": 0.927536231884058, "18": 0.8059701492537313,
        "19": 0.7570621468926554, "20": 0.7263681592039801, "21": 0.9139784946236559,
        "22": 0.6130952380952381, "23": 0.6956521739130435, "24": 0.9203980099502488,
        "25": 0.7103825136612022, "26": 0.7323232323232324, "27": 0.9004329004329005,
        "28": 0.8109452736318408, "29": 0.7552083333333334, "30": 0.8872549019607843,
        "31": 0.9010416666666666, "32": 0.893719806763285, "33": 0.8133333333333334,
        "34": 0.8995433789954338, "35": 0.9565217391304348, "36": 0.8513513513513513,
        "37": 0.7575757575757576, "38": 0.8256410256410256, "39": 0.6120218579234973,
        "40": 0.5815602836879432, "41": 0.7824074074074074, "42": 0.5211267605633803,
        "43": 0.75, "44": 0.7634408602150538, "45": 0.8359788359788359,
        "46": 0.8655913978494624, "47": 0.9033816425120773, "48": 0.8926553672316384,
        "49": 0.7037037037037037, "50": 0.7301587301587301, "51": 0.49765258215962443,
        "52": 0.8062015503875969, "53": 0.9301075268817204, "54": 0.7650273224043715
      },
      "heterogeneity": {
        "mean": 0.8026268015537205, "std": 0.11746865103914324,
        "decile_gap": 0.31728324532199026, "iqr": 0.1701896194083694,
        "min": 0.49765258215962443, "max": 0.9656862745098039
      },
      "demographic_stratification": null
    },
    "riemann": {
      "task_acc": 0.6728703703703703,
      "per_subject_accuracy": {
        "1": 0.9953703703703703, "2": 1.0, "3": 1.0, "4": 0.9873417721518988,
        "5": 1.0, "6": 1.0, "7": 1.0, "8": 1.0, "9": 1.0, "10": 1.0,
        "11": 1.0, "12": 1.0, "13": 1.0, "14": 1.0, "15": 1.0, "16": 1.0,
        "17": 1.0, "18": 1.0, "19": 1.0, "20": 1.0, "21": 1.0, "22": 0.9940476190476191,
        "23": 1.0, "24": 1.0, "25": 1.0, "26": 1.0, "27": 0.9956709956709957,
        "28": 1.0, "29": 1.0, "30": 1.0, "31": 1.0, "32": 1.0, "33": 1.0,
        "34": 1.0, "35": 1.0, "36": 1.0, "37": 1.0, "38": 1.0, "39": 1.0,
        "40": 1.0, "41": 1.0, "42": 1.0, "43": 1.0, "44": 1.0, "45": 1.0,
        "46": 1.0, "47": 1.0, "48": 1.0, "49": 1.0, "50": 1.0, "51": 1.0,
        "52": 1.0, "53": 1.0, "54": 1.0
      },
      "heterogeneity": {
        "mean": 0.9994894584674238, "std": 0.0020264915713589103,
        "decile_gap": 0.0, "iqr": 0.0,
        "min": 0.9873417721518988, "max": 1.0
      },
      "demographic_stratification": null
    },
    "eegnet": {
      "task_acc": 0.7157407407407408,
      "per_subject_accuracy": {
        "1": 0.22685185185185186, "2": 0.9166666666666666, "3": 0.3544973544973545,
        "4": 0.7552742616033755, "5": 0.42424242424242425, "6": 0.14767932489451477,
        "7": 0.5864978902953587, "8": 0.7990196078431373, "9": 0.6121212121212121,
        "10": 0.48148148148148145, "11": 0.625, "12": 0.4611872146118721,
        "13": 0.6979166666666666, "14": 0.4090909090909091, "15": 0.6182795698924731,
        "16": 0.16666666666666666, "17": 0.34782608695652173, "18": 0.43283582089552236,
        "19": 0.3502824858757062, "20": 0.3333333333333333, "21": 0.8817204301075269,
        "22": 0.15476190476190477, "23": 0.3961352657004831, "24": 0.6268656716417911,
        "25": 0.4426229508196721, "26": 0.4494949494949495, "27": 0.49783549783549785,
        "28": 0.34328358208955223, "29": 0.3385416666666667, "30": 0.38235294117647056,
        "31": 0.5364583333333334, "32": 0.6280193236714976, "33": 0.5377777777777778,
        "34": 0.3881278538812785, "35": 0.7681159420289855, "36": 0.45045045045045046,
        "37": 0.5555555555555556, "38": 0.358974358974359, "39": 0.3825136612021858,
        "40": 0.425531914893617, "41": 0.8935185185185185, "42": 0.19718309859154928,
        "43": 0.2552083333333333, "44": 0.4838709677419355, "45": 0.455026455026455,
        "46": 0.7258064516129032, "47": 0.6570048309178744, "48": 0.3107344632768362,
        "49": 0.4876543209876543, "50": 0.25925925925925924, "51": 0.460093896713615,
        "52": 0.43410852713178294, "53": 0.5268817204301075, "54": 0.5027322404371585
      },
      "heterogeneity": {
        "mean": 0.4803884063986961, "std": 0.18340471667473693,
        "decile_gap": 0.49001030749512275, "iqr": 0.2500987760481431,
        "min": 0.14767932489451477, "max": 0.9166666666666666
      },
      "demographic_stratification": null
    }
  }
}
