{
  "seeds": [0, 1, 2, 3, 4],
  "targets": ["a3_lee2019", "a4_lee2019", "xds_iv2a_to_physionet", "xds_physionet_to_lee2019", "xds_lee2019_to_physionet", "xds_iv2a_to_lee2019"],
  "rows": {
    "a3_lee2019": {
      "aggregated": {
        "eegnet_logreg_top1": {"mean": 0.2829012345679012, "std": 0.01497261955134215, "n": 5, "values": [0.26521604938271603, 0.2765432098765432, 0.29777777777777775, 0.27564814814814814, 0.29932098765432097]},
        "fbcsp_logreg_top1": {"mean": 0.2878703703703704, "std": 0.0, "n": 5, "values": [0.2878703703703704, 0.2878703703703704, 0.2878703703703704, 0.2878703703703704, 0.2878703703703704]},
        "riemann_logreg_top1": {"mean": 0.7489506172839506, "std": 0.0, "n": 5, "values": [0.7489506172839506, 0.7489506172839506, 0.7489506172839506, 0.7489506172839506, 0.7489506172839506]}
      }
    },
    "a4_lee2019": {
      "aggregated": {
        "auc_within_session": {"mean": 0.90246195648, "std": 0.03065317554486131, "n": 5, "values": [0.9123153176000001, 0.8632224168, 0.8773887008, 0.9274494263999999, 0.9319339208]},
        "eer_within_session": {"mean": 0.173072, "std": 0.03383151075550722, "n": 5, "values": [0.15974, 0.22438000000000002, 0.18962, 0.14778000000000002, 0.14383999999999997]}
      }
    },
    "xds_iv2a_to_physionet": {
      "aggregated": {"auc": {"mean": 0.81449132944, "std": 0.015401887267999521, "n": 5, "values": [0.8274745648, 0.8342142072000001, 0.7987763096, 0.8059421912, 0.8060493744000001]}}
    },
    "xds_physionet_to_lee2019": {
      "aggregated": {"auc": {"mean": 0.81472431072, "std": 0.036049352278796055, "n": 5, "values": [0.8254983359999999, 0.8317457064, 0.8190838272000001, 0.7525142056, 0.8447794784]}}
    },
    "xds_lee2019_to_physionet": {
      "aggregated": {"auc": {"mean": 0.49738324816000007, "std": 0.005427965273293079, "n": 5, "values": [0.4970509792, 0.5, 0.4975969704, 0.4887949616, 0.5034733296]}}
    },
    "xds_iv2a_to_lee2019": {
      "aggregated": {"auc": {"mean": 0.6798819822400001, "std": 0.015338908234493475, "n": 5, "values": [0.7035666808, 0.6613446919999999, 0.6744644984000001, 0.6781266832, 0.6819073568]}}
    }
  }
}
